image_id,x1,y1,x2,y2
Train_0,41,210,2047,1364
Train_1,0,0,2047,1363
Train_2,316,367,2047,1364
Train_3,16,216,1474,905
Train_4,249,140,2047,960
Train_5,98,45,1648,1336
Train_6,0,114,2036,1360
Train_7,138,0,2047,1364
Train_8,140,0,1842,1364
Train_9,377,5,2046,861
Train_10,39,0,1872,1341
Train_11,0,0,1410,1364
Train_12,207,455,1616,1360
Train_13,1089,117,2000,1090
Train_14,0,0,2047,1364
Train_15,0,0,2047,1364
Train_16,0,0,2046,1344
Train_17,48,15,1975,1352
Train_18,147,25,2047,1217
Train_19,0,270,2031,1344
Train_20,12,79,1934,1364
Train_21,48,74,2012,1131
Train_22,0,0,2047,1364
Train_23,213,0,1968,1229
Train_24,0,0,2047,1364
Train_25,218,20,1856,1195
Train_26,0,0,1869,1341
Train_27,0,0,2047,1364
Train_28,40,495,1559,1364
Train_29,1,285,2047,1364
Train_30,1493,479,1690,606
Train_31,0,15,1936,1364
Train_32,0,0,2047,1364
Train_33,1,0,2047,1364
Train_34,809,125,1709,984
Train_35,0,0,2047,1364
Train_36,0,176,2018,1363
Train_37,0,0,1891,1364
Train_38,90,327,1872,978
Train_39,0,156,1925,1363
Train_40,44,244,1773,1188
Train_41,211,40,2047,1232
Train_42,501,0,2047,1312
Train_43,128,164,2042,1210
Train_44,15,0,2047,1364
Train_45,209,0,2032,1364
Train_46,0,0,2047,1364
Train_47,69,0,2047,1364
Train_48,89,70,1706,1216
Train_49,582,390,1728,1337
Train_50,1,0,1981,1364
Train_51,38,432,1544,1259
Train_52,0,21,1838,1194
Train_53,143,0,2047,1364
Train_54,0,297,1776,1364
Train_55,0,41,2036,1364
Train_56,0,0,2047,1364
Train_57,0,0,2047,1364
Train_58,72,58,2047,1364
Train_59,367,191,2047,1081
Train_60,107,0,2047,1215
Train_61,429,92,1538,1264
Train_62,247,223,2047,1247
Train_63,208,15,1643,1119
Train_64,0,283,1866,1364
Train_65,320,0,2047,1044
Train_66,507,38,1888,1040
Train_67,0,0,2000,1364
Train_68,0,0,1504,1272
Train_69,48,0,2041,1154
Train_70,333,310,2046,1344
Train_71,0,183,2047,1364
Train_72,116,15,2047,1116
Train_73,0,200,1723,1303
Train_74,0,86,2034,1364
Train_75,90,0,2047,1364
Train_76,207,0,2047,1301
Train_77,0,0,2047,1364
Train_78,0,236,1543,1184
Train_79,223,200,1932,1340
Train_80,0,0,1784,1353
Train_81,485,222,1832,1028
Train_82,10,0,2047,1333
Train_83,10,14,1698,1362
Train_84,0,0,1494,1301
Train_85,270,58,1845,1179
Train_86,331,1,2047,955
Train_87,0,0,2047,1363
Train_88,0,0,2047,1364
Train_89,0,10,2047,1122
Train_90,117,63,2047,1364
Train_91,187,296,2047,1108
Train_92,0,0,1957,1364
Train_93,0,0,2047,1364
Train_94,136,0,2032,1029
Train_95,185,0,2047,1364
Train_96,175,114,2047,1364
Train_97,0,0,1961,1364
Train_98,0,166,1866,1296
Train_99,108,125,2047,1087
Train_100,1,114,1680,1364
Train_101,255,143,1585,1364
Train_102,0,0,1792,1337
Train_103,105,152,2032,1054
Train_104,63,0,2046,1149
Train_105,0,0,2047,1364
Train_106,242,514,1627,1022
Train_107,0,0,2047,1364
Train_108,0,11,2002,1344
Train_109,0,0,2047,1149
Train_110,0,0,2046,1364
Train_111,463,0,2047,1364
Train_112,0,0,2047,1364
Train_113,268,0,1997,1298
Train_114,0,0,2047,1364
Train_115,0,0,2047,1364
Train_116,341,42,1934,1104
Train_117,0,0,2047,1364
Train_118,0,63,2047,1364
Train_119,109,381,2047,1280
Train_120,0,217,1851,1247
Train_121,0,0,2047,1364
Train_122,459,63,1862,1128
Train_123,7,70,2018,1364
Train_124,0,0,2047,1292
Train_125,200,54,2026,1184
Train_126,0,155,2047,1144
Train_127,0,304,2047,1364
Train_128,183,15,2047,1364
Train_129,0,2,2045,1364
Train_130,8,104,1592,1254
Train_131,0,0,2047,1364
Train_132,0,306,1862,1063
Train_133,0,0,2047,1364
Train_134,77,60,2047,1032
Train_135,58,0,2039,1364
Train_136,120,0,2047,1364
Train_137,0,0,2047,1364
Train_138,0,0,2047,1364
Train_139,0,0,1797,1364
Train_140,356,0,2000,1364
Train_141,56,112,1840,860
Train_142,7,229,1951,962
Train_143,0,236,1956,1364
Train_144,0,0,2047,1364
Train_145,543,324,1631,1096
Train_146,1,16,2047,1364
Train_147,0,220,2047,1364
Train_148,201,224,2047,1364
Train_149,389,0,1470,1319
Train_150,0,208,1945,1296
Train_151,0,0,2047,1364
Train_152,0,111,1828,1364
Train_153,0,1,1744,1104
Train_154,0,93,1928,1364
Train_155,29,156,1961,1364
Train_156,75,247,2047,1364
Train_157,0,76,1818,852
Train_158,202,364,1741,1363
Train_159,0,0,1808,1340
Train_160,253,364,1594,1148
Train_161,0,0,1453,1244
Train_162,0,0,2047,1364
Train_163,540,159,1632,1357
Train_164,0,121,2029,963
Train_165,0,0,1296,1262
Train_166,100,0,2047,1155
Train_167,124,0,2047,1164
Train_168,89,0,1943,1363
Train_169,0,0,2046,1364
Train_170,0,0,1472,1293
Train_171,0,0,2047,1364
Train_172,0,49,2047,1364
Train_173,181,0,1997,1177
Train_174,0,0,2040,1360
Train_175,0,0,2047,1364
Train_176,22,0,2047,1364
Train_177,201,192,1908,1143
Train_178,666,0,2047,1165
Train_179,9,0,2047,1364
Train_180,0,6,1931,1364
Train_181,0,202,1824,1364
Train_182,183,1,1800,998
Train_183,0,0,2047,1364
Train_184,26,178,1785,1287
Train_185,0,260,1677,1364
Train_186,0,0,2021,1364
Train_187,0,0,2047,1364
Train_188,0,0,2047,1364
Train_189,0,0,1659,1364
Train_190,434,309,1711,972
Train_191,154,392,1814,1364
Train_192,0,261,1627,1356
Train_193,0,0,2047,1364
Train_194,73,176,1684,1181
Train_195,0,234,1487,1101
Train_196,0,3,1992,1364
Train_197,216,182,1427,1266
Train_198,255,13,1958,1364
Train_199,0,0,2047,1364
Train_200,0,37,1482,1364
Train_201,492,79,2047,1242
Train_202,0,287,2044,1328
Train_203,0,35,1924,1320
Train_204,15,191,2047,1229
Train_205,0,0,2034,1364
Train_206,0,0,2047,1364
Train_207,341,139,1842,1364
Train_208,0,48,2044,973
Train_209,391,16,2047,1316
Train_210,0,0,1695,1364
Train_211,343,281,2047,1362
Train_212,0,140,1808,1262
Train_213,0,7,1804,1200
Train_214,43,89,2047,1364
Train_215,31,0,2047,1361
Train_216,212,11,1855,963
Train_217,204,0,2047,1364
Train_218,0,138,1706,1081
Train_219,0,0,2014,1364
Train_220,182,95,1656,1048
Train_221,0,0,2047,1364
Train_222,593,336,1434,1080
Train_223,44,1,1963,1364
Train_224,0,0,2047,1360
Train_225,0,0,2042,1364
Train_226,0,0,2034,1364
Train_227,159,210,2016,1271
Train_228,53,171,1971,1360
Train_229,125,385,1642,1319
Train_230,71,1,2047,1364
Train_231,348,0,2047,1364
Train_232,322,463,1301,1123
Train_233,0,0,2046,1361
Train_234,0,0,2047,1364
Train_235,26,316,2047,1029
Train_236,1,0,1948,1364
Train_237,197,0,2047,1349
Train_238,207,0,2047,1364
Train_239,0,0,2047,1364
Train_240,216,9,2047,1331
Train_241,47,31,2046,1364
Train_242,327,0,2047,1364
Train_243,258,0,1512,1060
Train_244,0,0,1865,1364
Train_245,0,0,1364,2047
Train_246,0,37,2000,1364
Train_247,0,277,1885,1364
Train_248,0,7,1673,1261
Train_249,0,129,1754,1364
Train_250,252,84,2047,1331
Train_251,0,0,2018,1364
Train_252,0,0,2046,1168
Train_253,143,0,2047,1123
Train_254,0,0,2047,1364
Train_255,0,211,2047,1364
Train_256,0,0,1892,1364
Train_257,40,9,1782,1364
Train_258,191,1,1945,1303
Train_259,0,0,1808,1364
Train_260,143,263,2047,1282
Train_261,0,0,2047,1364
Train_262,0,0,1824,1255
Train_263,0,0,2027,1364
Train_264,9,225,2047,1081
Train_265,0,223,1925,1124
Train_266,0,100,1836,1302
Train_267,192,137,1568,1133
Train_268,0,114,1715,1152
Train_269,255,0,1997,1364
Train_270,191,0,1928,718
Train_271,0,0,2047,1364
Train_272,290,0,2016,1364
Train_273,373,179,2040,1364
Train_274,0,111,1754,1040
Train_275,99,58,2047,1055
Train_276,413,314,1978,976
Train_277,160,328,2047,964
Train_278,1,0,1640,1258
Train_279,0,0,1752,1364
Train_280,106,1,2047,1351
Train_281,0,3,2047,1364
Train_282,245,6,2044,1364
Train_283,373,63,2047,1162
Train_284,0,3,2032,1143
Train_285,0,178,1882,1364
Train_286,6,274,1773,1275
Train_287,0,0,2047,1364
Train_288,0,266,1616,1001
Train_289,21,0,1853,1265
Train_290,21,0,2009,1364
Train_291,1,0,2047,1364
Train_292,463,31,2047,1018
Train_293,166,244,2047,1364
Train_294,163,0,1801,1190
Train_295,0,71,2047,1356
Train_296,350,389,2047,1164
Train_297,282,133,2047,1210
Train_298,13,9,2036,1364
Train_299,0,37,2047,1364
Train_300,69,10,2047,1165
Train_301,172,1,1852,1275
Train_302,176,112,2047,1364
Train_303,0,0,2047,1364
Train_304,15,0,2047,1291
Train_305,0,1,2041,1364
Train_306,5,183,1624,1364
Train_307,0,5,2047,1364
Train_308,288,39,1506,1256
Train_309,0,0,2047,1364
Train_310,218,274,2039,1093
Train_311,95,272,2038,1202
Train_312,0,248,1792,1364
Train_313,38,89,1968,1343
Train_314,403,75,2047,1336
Train_315,75,92,2046,1364
Train_316,82,53,2047,945
Train_317,0,0,2047,1364
Train_318,0,2,2047,1242
Train_319,0,44,1773,1357
Train_320,263,285,1577,1364
Train_321,0,15,1872,1364
Train_322,221,22,1840,1310
Train_323,0,0,2047,1364
Train_324,0,0,2047,1364
Train_325,191,223,1488,1364
Train_326,258,157,2040,1128
Train_327,94,26,1971,1256
Train_328,0,0,2047,1364
Train_329,63,0,2047,1364
Train_330,0,299,1488,1350
Train_331,0,283,1792,1364
Train_332,307,0,1472,1314
Train_333,0,0,1584,1083
Train_334,0,0,2047,1357
Train_335,0,0,2047,1364
Train_336,0,0,2047,1364
Train_337,0,0,2047,1364
Train_338,75,95,1988,1363
Train_339,0,0,2047,1364
Train_340,75,169,1893,1034
Train_341,0,0,2047,1364
Train_342,0,0,2047,1364
Train_343,354,63,1995,1187
Train_344,0,239,2008,1066
Train_345,890,0,2047,1364
Train_346,0,0,2015,1363
Train_347,0,0,2026,1364
Train_348,208,0,2047,1364
Train_349,595,23,2047,1364
Train_350,0,0,2016,1364
Train_351,227,0,1611,1102
Train_352,201,145,2000,1200
Train_353,79,50,1960,1364
Train_354,325,348,2047,1364
Train_355,0,0,2047,1364
Train_356,0,0,2047,1364
Train_357,0,160,2047,1364
Train_358,0,77,1943,1364
Train_359,39,131,1696,1262
Train_360,114,0,2047,1360
Train_361,335,30,1365,1244
Train_362,175,27,2044,1320
Train_363,361,1,2018,1337
Train_364,0,140,2047,1147
Train_365,22,1,2003,1364
Train_366,0,0,2047,1364
Train_367,1,103,1983,987
Train_368,0,0,2042,1364
Train_369,0,0,1989,1364
Train_370,166,421,1680,1274
Train_371,0,0,2047,1364
Train_372,0,0,2047,1364
Train_373,0,0,2047,1364
Train_374,21,76,2047,1258
Train_375,394,207,2047,1131
Train_376,0,0,2047,1364
Train_377,184,24,1823,1244
Train_378,0,0,2047,1364
Train_379,25,0,2047,1364
Train_380,159,122,2047,1364
Train_381,69,0,2047,1107
Train_382,1,163,1608,1364
Train_383,0,0,2047,1364
Train_384,0,0,2047,1200
Train_385,0,0,2047,1364
Train_386,0,0,2047,1364
Train_387,360,386,2013,1364
Train_388,0,33,1941,1364
Train_389,218,6,2047,1364
Train_390,0,1,1993,990
Train_391,0,233,1992,1364
Train_392,239,168,1698,1040
Train_393,0,98,1360,1228
Train_394,0,279,1728,1176
Train_395,228,0,2001,1341
Train_396,90,183,1766,1084
Train_397,1,193,2047,1364
Train_398,539,210,1728,1056
Train_399,0,0,1963,1088
Train_400,63,495,1968,1364
Train_401,454,0,2047,1216
Train_402,129,0,2047,1196
Train_403,0,62,1927,991
Train_404,0,0,2040,1364
Train_405,232,336,2047,1364
Train_406,12,0,1832,1364
Train_407,0,228,1729,976
Train_408,0,0,2023,1364
Train_409,0,0,1699,1265
Train_410,367,95,2047,1051
Train_411,40,152,2026,1320
Train_412,0,0,2047,1364
Train_413,0,323,1851,1364
Train_414,16,69,2047,1357
Train_415,146,0,1976,1300
Train_416,31,0,1999,1361
Train_417,0,0,2047,1364
Train_418,83,0,1996,1364
Train_419,395,138,2047,1204
Train_420,0,99,1861,1186
Train_421,0,0,2047,1364
Train_422,0,0,2035,1364
Train_423,2,467,1386,1364
Train_424,380,19,1464,1149
Train_425,299,232,1883,1364
Train_426,23,137,2041,1364
Train_427,393,0,1792,1364
Train_428,0,0,1781,1364
Train_429,331,296,1836,933
Train_430,0,0,1946,1364
Train_431,23,0,1937,1364
Train_432,41,87,1939,1350
Train_433,621,194,1926,1005
Train_434,191,0,2047,1364
Train_435,253,217,2036,1280
Train_436,0,102,1891,1364
Train_437,39,64,2047,1364
Train_438,0,0,2047,1364
Train_439,256,48,2047,754
Train_440,0,19,1895,1364
Train_441,0,0,2047,1364
Train_442,0,0,2016,1328
Train_443,0,16,1981,1097
Train_444,27,0,2047,1344
Train_445,0,0,1979,1364
Train_446,478,37,1847,978
Train_447,0,0,2047,1364
Train_448,0,82,2047,1364
Train_449,256,310,1972,1364
Train_450,0,231,1871,931
Train_451,259,0,2047,1364
Train_452,0,51,1524,1364
Train_453,0,163,1493,1364
Train_454,0,152,2027,1349
Train_455,15,129,2047,890
Train_456,0,88,2047,1364
Train_457,0,325,1448,1101
Train_458,76,280,2047,1364
Train_459,311,254,2047,1364
Train_460,0,0,2047,1152
Train_461,429,0,2040,1244
Train_462,1,0,2005,1363
Train_463,261,26,2047,1364
Train_464,0,0,2047,1364
Train_465,24,0,2040,1364
Train_466,239,219,1904,1002
Train_467,215,0,2047,1063
Train_468,30,213,1772,1364
Train_469,746,0,2047,1354
Train_470,138,151,1974,1351
Train_471,345,297,1439,1363
Train_472,0,0,2047,1364
Train_473,0,0,1940,1364
Train_474,118,1,1997,1085
Train_475,0,0,2047,1364
Train_476,1199,144,1750,1161
Train_477,1,196,1714,1019
Train_478,0,0,2047,1364
Train_479,311,18,2047,1362
Train_480,0,74,1747,1322
Train_481,0,0,1977,1364
Train_482,0,0,1751,1280
Train_483,441,0,2015,1300
Train_484,460,335,1984,1015
Train_485,258,0,1970,1364
Train_486,45,146,2047,1190
Train_487,0,1,2047,1358
Train_488,194,65,2047,1255
Train_489,319,437,1631,1041
Train_490,205,21,2047,1364
Train_491,258,225,2047,1074
Train_492,34,1,2036,1360
Train_493,263,190,2009,1364
Train_494,0,0,1839,1364
Train_495,0,161,1847,1141
Train_496,232,255,2047,1364
Train_497,799,123,1741,996
Train_498,130,72,2047,1170
Train_499,308,259,1936,1262
Train_500,0,0,2047,1364
Train_501,79,0,2047,1364
Train_502,87,107,1762,1360
Train_503,116,141,1371,1184
Train_504,155,101,2035,992
Train_505,67,0,1826,1205
Train_506,0,295,1949,1364
Train_507,0,0,2047,1352
Train_508,139,0,2047,1008
Train_509,0,0,2047,1364
Train_510,0,0,1991,1364
Train_511,0,116,2044,1352
Train_512,193,1,2047,1214
Train_513,138,63,2047,1364
Train_514,274,392,2047,1364
Train_515,303,0,2007,1007
Train_516,29,347,1960,957
Train_517,117,2,2032,1364
Train_518,479,0,2047,1106
Train_519,0,39,2047,1364
Train_520,0,0,2047,1169
Train_521,0,0,2047,1364
Train_522,127,41,1896,1235
Train_523,0,42,2047,1364
Train_524,240,21,2022,1364
Train_525,0,0,2047,1364
Train_526,212,1,2035,1073
Train_527,134,90,1604,1218
Train_528,159,288,1658,1216
Train_529,229,0,2010,1016
Train_530,12,124,1972,1283
Train_531,0,0,2046,1244
Train_532,67,373,2024,1044
Train_533,10,23,2047,1107
Train_534,0,202,1898,1364
Train_535,0,4,1586,1364
Train_536,0,1,2047,1055
Train_537,5,0,1944,1364
Train_538,38,0,1792,1285
Train_539,277,308,2047,1114
Train_540,71,0,2047,1107
Train_541,26,200,2047,1364
Train_542,130,115,1900,1364
Train_543,0,0,2047,1364
Train_544,541,402,2047,1364
Train_545,0,0,2047,1364
Train_546,195,0,2032,1364
Train_547,120,63,2047,1222
Train_548,405,0,1930,1360
Train_549,0,0,2047,1070
Train_550,211,162,1941,1121
Train_551,369,95,2047,1126
Train_552,0,0,2047,1364
Train_553,0,0,2000,1364
Train_554,58,0,2047,1364
Train_555,66,8,1760,1021
Train_556,321,39,2046,1351
Train_557,28,31,2047,1364
Train_558,0,0,2047,1364
Train_559,0,0,1971,1364
Train_560,9,0,2047,1364
Train_561,51,0,2047,1364
Train_562,259,0,1872,1052
Train_563,0,0,1998,1364
Train_564,0,0,1954,1364
Train_565,0,0,2047,1364
Train_566,0,0,2047,1364
Train_567,287,0,2047,1364
Train_568,24,6,2042,1364
Train_569,106,0,2047,1364
Train_570,264,156,1606,1241
Train_571,89,0,2047,1364
Train_572,0,0,2035,1364
Train_573,255,300,2047,1363
Train_574,0,0,2047,1364
Train_575,0,0,2047,1364
Train_576,0,0,1509,1256
Train_577,0,0,1796,1205
Train_578,107,0,2047,1364
Train_579,132,348,2047,1364
Train_580,162,69,1975,1283
Train_581,0,0,1997,1362
Train_582,12,95,1986,1272
Train_583,229,151,1463,1288
Train_584,76,0,2040,1312
Train_585,0,209,1845,1165
Train_586,125,24,1797,1241
Train_587,196,0,2047,1364
Train_588,0,140,1669,1364
Train_589,0,335,1582,1151
Train_590,0,265,2047,1146
Train_591,0,0,2047,1364
Train_592,0,0,2047,1364
Train_593,259,67,1495,1194
Train_594,0,0,2033,947
Train_595,0,0,2047,1363
Train_596,0,0,1907,1356
Train_597,943,380,2046,1364
Train_598,0,0,2047,1364
Train_599,533,191,2047,1139
Train_600,18,76,1800,1337
Train_601,0,0,2029,1364
Train_602,0,0,1706,1284
Train_603,756,144,2047,1364
Train_604,0,0,1622,1364
Train_605,0,79,2047,1364
Train_606,144,0,2035,1364
Train_607,28,0,1891,1218
Train_608,0,0,2045,1364
Train_609,0,377,1634,1364
Train_610,0,95,1814,1364
Train_611,228,57,2047,1247
Train_612,353,0,2038,1169
Train_613,54,184,2046,1175
Train_614,0,64,1637,1332
Train_615,22,0,2022,1364
Train_616,0,0,2047,1364
Train_617,570,0,2046,1356
Train_618,235,179,2047,1265
Train_619,13,167,2047,1364
Train_620,0,0,2047,1364
Train_621,0,0,2047,1364
Train_622,127,63,2047,1364
Train_623,0,47,2047,1364
Train_624,0,206,1766,1363
Train_625,452,198,2047,1314
Train_626,415,128,2047,1170
Train_627,19,0,1973,1360
Train_628,0,247,1727,1084
Train_629,23,163,1650,1364
Train_630,0,9,2047,1138
Train_631,0,0,2000,1364
Train_632,411,95,2047,1267
Train_633,0,20,1832,1202
Train_634,0,0,2047,1364
Train_635,0,39,1662,1364
Train_636,125,0,2047,1364
Train_637,1,0,1782,1220
Train_638,229,188,1964,1152
Train_639,595,172,1762,1183
Train_640,0,285,1785,1358
Train_641,548,385,1853,1312
Train_642,0,0,2047,1364
Train_643,0,192,1919,1364
Train_644,32,0,2024,999
Train_645,0,258,1936,1104
Train_646,0,0,2047,1364
Train_647,0,0,2047,1363
Train_648,0,0,2047,1364
Train_649,329,147,2047,1364
Train_650,0,0,2047,1360
Train_651,197,85,2047,1364
Train_652,0,64,2047,1048
Train_653,217,241,2047,1039
Train_654,56,0,2034,1364
Train_655,0,0,2047,1364
Train_656,63,0,2042,1287
Train_657,0,0,2047,1364
Train_658,0,338,2047,1096
Train_659,0,0,2016,1364
Train_660,98,172,1632,953
Train_661,0,402,1686,1364
Train_662,432,25,2047,1360
Train_663,0,0,2044,1364
Train_664,134,13,2047,1271
Train_665,0,0,2038,1364
Train_666,33,0,2031,1363
Train_667,372,0,2047,1157
Train_668,338,352,2047,1223
Train_669,0,0,2023,1238
Train_670,215,93,2047,1364
Train_671,337,0,1971,1364
Train_672,32,24,1931,1273
Train_673,257,0,2047,1344
Train_674,211,357,1264,1028
Train_675,42,0,1917,1212
Train_676,0,0,1617,1213
Train_677,250,0,2047,1202
Train_678,56,125,2047,1187
Train_679,0,0,1959,1360
Train_680,1,0,2047,1364
Train_681,0,51,1447,1228
Train_682,0,82,2047,1364
Train_683,0,0,2047,1364
Train_684,297,0,1861,1347
Train_685,0,0,2047,1364
Train_686,47,0,1888,1256
Train_687,501,194,1827,1067
Train_688,0,0,1440,1364
Train_689,0,0,1768,1364
Train_690,0,8,2047,1364
Train_691,0,0,2047,1364
Train_692,0,0,1768,1348
Train_693,0,58,1875,1364
Train_694,0,4,2047,1364
Train_695,82,0,2047,1364
Train_696,0,0,1926,1364
Train_697,0,0,2041,1296
Train_698,79,137,1517,1364
Train_699,565,291,1926,1141
Train_700,311,0,2047,1364
Train_701,5,24,1996,1364
Train_702,0,197,1873,1360
Train_703,0,0,2047,1364
Train_704,143,0,2003,1300
Train_705,351,68,2047,1325
Train_706,0,200,1842,1099
Train_707,201,0,2047,1168
Train_708,0,41,2047,1364
Train_709,663,557,1349,1088
Train_710,242,0,2047,1364
Train_711,320,0,2047,1364
Train_712,0,3,2047,1364
Train_713,58,0,1376,928
Train_714,239,13,2043,1253
Train_715,18,40,1836,1314
Train_716,0,0,2020,1313
Train_717,0,50,2047,1364
Train_718,264,0,2037,1364
Train_719,98,115,1732,1020
Train_720,82,0,2047,1359
Train_721,0,349,1892,1364
Train_722,0,0,1527,1225
Train_723,236,4,2028,1117
Train_724,0,0,1658,1364
Train_725,198,249,1853,1364
Train_726,575,0,1959,1364
Train_727,498,144,2047,1342
Train_728,346,156,2047,1259
Train_729,43,0,1980,1168
Train_730,0,0,2047,1364
Train_731,0,0,2036,1364
Train_732,0,50,2000,1364
Train_733,0,303,2047,1364
Train_734,0,0,2047,1197
Train_735,0,0,1981,1364
Train_736,0,0,1656,1364
Train_737,687,143,1900,1136
Train_738,0,0,2047,1364
Train_739,15,0,1949,1309
Train_740,322,0,1854,963
Train_741,10,0,2045,1357
Train_742,0,0,2047,1278
Train_743,250,295,1725,1018
Train_744,175,0,2047,1264
Train_745,338,144,1695,1114
Train_746,126,131,2045,1172
Train_747,0,0,2047,1364
Train_748,8,221,1777,1364
Train_749,0,220,2047,1187
Train_750,0,0,2047,1364
Train_751,0,0,1776,1364
Train_752,94,8,2013,1274
Train_753,422,71,1629,1364
Train_754,105,0,2033,1364
Train_755,0,0,2047,1362
Train_756,463,91,1573,964
Train_757,0,194,1515,1101
Train_758,0,0,2047,1245
Train_759,0,0,2047,1364
Train_760,0,216,2047,1364
Train_761,0,0,2005,1364
Train_762,0,0,2047,1364
Train_763,0,0,2047,1364
Train_764,639,255,1327,1140
Train_765,0,0,1861,978
Train_766,204,191,2047,1364
Train_767,0,0,2029,1364
Train_768,0,157,1826,1264
Train_769,0,52,1787,1364
Train_770,0,0,2047,1364
Train_771,0,0,2047,1344
Train_772,114,0,2047,1364
Train_773,0,0,2047,1364
Train_774,0,296,1683,1360
Train_775,183,514,1800,1360
Train_776,68,0,2047,1357
Train_777,383,336,1741,1012
Train_778,71,31,2047,1217
Train_779,0,0,2030,1364
Train_780,420,271,1408,836
Train_781,217,343,1910,1079
Train_782,0,0,2047,1364
Train_783,15,85,1667,939
Train_784,0,219,1796,1364
Train_785,0,135,2047,1339
Train_786,1,0,800,906
Train_787,0,10,1708,1364
Train_788,68,143,1415,1235
Train_789,53,0,2047,1232
Train_790,0,0,2047,1362
Train_791,0,6,2047,1343
Train_792,0,47,2047,1215
Train_793,527,261,1587,1166
Train_794,0,40,2019,1364
Train_795,153,408,2031,1346
Train_796,364,0,2047,1165
Train_797,2,287,1667,1364
Train_798,0,0,2047,1047
Train_799,299,148,2026,959
Train_800,47,111,1476,1028
Train_801,0,5,2038,1364
Train_802,271,239,1742,1222
Train_803,42,0,1955,1364
Train_804,298,0,2047,829
Train_805,0,0,2047,1235
Train_806,91,23,2047,1296
Train_807,189,0,1830,992
Train_808,367,246,1981,1100
Train_809,0,0,1989,1364
Train_810,971,0,2047,800
Train_811,182,315,2015,1364
Train_812,114,288,2040,1364
Train_813,118,22,1808,1364
Train_814,419,0,2047,1364
Train_815,0,0,2047,1364
Train_816,0,0,1964,1363
Train_817,8,202,1743,1364
Train_818,42,294,1319,1116
Train_819,111,67,1984,1243
Train_820,521,157,1968,859
Train_821,37,53,2010,1248
Train_822,0,0,2047,1364
Train_823,0,40,1483,1240
Train_824,0,1,2009,1119
Train_825,364,202,1978,1364
Train_826,171,203,1583,1042
Train_827,0,0,2047,1364
Train_828,0,0,2047,1364
Train_829,0,0,1782,1356
Train_830,228,15,1776,1308
Train_831,635,0,1810,558
Train_832,0,0,2047,1185
Train_833,303,0,2047,1281
Train_834,0,0,2047,1364
Train_835,0,0,2047,1364
Train_836,213,37,1949,1364
Train_837,0,357,2047,1239
Train_838,0,0,2047,1363
Train_839,0,88,1865,1364
Train_840,0,0,2025,1363
Train_841,0,0,1465,1120
Train_842,269,0,2047,1364
Train_843,0,22,2047,1344
Train_844,284,206,1947,1061
Train_845,367,62,1493,1159
Train_846,0,208,1831,992
Train_847,0,0,2047,1364
Train_848,164,103,1840,1191
Train_849,181,234,2047,1364
Train_850,317,267,1824,1364
Train_851,0,0,2047,1364
Train_852,8,0,1678,843
Train_853,0,111,1519,1123
Train_854,141,0,2047,1156
Train_855,0,55,2046,1364
Train_856,312,0,2047,983
Train_857,0,0,2039,1206
Train_858,0,0,1996,1068
Train_859,500,34,1987,837
Train_860,0,7,1780,1074
Train_861,1,10,2047,1364
Train_862,143,143,1280,1364
Train_863,61,39,1895,1195
Train_864,0,1,2022,1364
Train_865,1,301,1614,1364
Train_866,95,0,2047,1364
Train_867,171,0,2047,1364
Train_868,21,0,2037,1184
Train_869,0,0,2047,1364
Train_870,277,335,1596,1078
Train_871,283,290,1741,1146
Train_872,51,0,2047,1239
Train_873,0,175,1905,1364
Train_874,0,0,2047,1364
Train_875,0,64,1968,1364
Train_876,0,199,1967,1364
Train_877,0,0,2047,1364
Train_878,152,0,2047,1364
Train_879,0,5,2046,1032
Train_880,68,74,2047,1088
Train_881,0,34,1750,1143
Train_882,0,0,1428,1364
Train_883,138,210,1860,1238
Train_884,0,28,1918,1363
Train_885,37,0,1885,1151
Train_886,219,183,2047,1364
Train_887,0,0,2047,1364
Train_888,58,86,1674,1062
Train_889,270,0,2047,1364
Train_890,318,311,1834,1058
Train_891,460,3,2047,1315
Train_892,0,0,1815,1312
Train_893,0,0,2047,1364
Train_894,34,43,1645,1331
Train_895,252,281,2047,1173
Train_896,208,101,1623,1364
Train_897,1,0,2047,1364
Train_898,10,0,2047,1364
Train_899,78,191,2047,1167
Train_900,19,0,2024,1355
Train_901,415,377,2045,1054
Train_902,253,0,1956,1269
Train_903,0,0,2047,1364
Train_904,169,179,2047,1197
Train_905,0,0,2047,1364
Train_906,0,0,1683,1363
Train_907,0,42,1940,1364
Train_908,0,0,2047,1364
Train_909,0,0,1871,1364
Train_910,0,0,1456,1364
Train_911,4,3,1853,1364
Train_912,10,0,1755,1184
Train_913,79,1,2047,1356
Train_914,0,0,1862,1364
Train_915,0,0,2047,1364
Train_916,194,287,1744,1187
Train_917,242,9,2047,1359
Train_918,793,115,1718,930
Train_919,0,0,2047,1364
Train_920,0,0,2021,1364
Train_921,0,0,2045,1364
Train_922,0,355,2030,1363
Train_923,0,0,2047,1364
Train_924,0,0,1960,1364
Train_925,0,0,1805,1266
Train_926,32,0,2047,1364
Train_927,0,0,2047,1364
Train_928,38,183,2047,1134
Train_929,78,117,1863,992
Train_930,0,0,2047,1364
Train_931,0,0,2047,1364
Train_932,0,0,2047,1364
Train_933,0,60,1832,1184
Train_934,80,143,2047,1364
Train_935,415,0,1821,1211
Train_936,264,0,2047,1364
Train_937,0,0,2047,1364
Train_938,28,0,2047,1122
Train_939,0,36,2047,1364
Train_940,0,128,2047,1364
Train_941,0,0,1897,1364
Train_942,0,0,2047,1364
Train_943,0,101,1906,1364
Train_944,0,0,1756,1268
Train_945,0,42,1467,1336
Train_946,461,0,2047,1329
Train_947,0,173,1759,1364
Train_948,0,0,2047,1364
Train_949,252,8,2047,1364
Train_950,0,30,1973,1143
Train_951,482,55,1968,1277
Train_952,0,0,2047,1364
Train_953,319,212,2047,1140
Train_954,111,48,1871,1364
Train_955,0,278,1519,1187
Train_956,230,136,1660,925
Train_957,0,17,2026,1296
Train_958,335,0,1627,802
Train_959,0,0,1920,1348
Train_960,0,128,2012,1349
Train_961,596,195,1824,977
Train_962,0,0,1981,1364
Train_963,18,0,2047,1364
Train_964,227,80,1912,1364
Train_965,0,0,2016,1364
Train_966,0,10,2047,1364
Train_967,0,83,2046,1335
Train_968,33,255,1973,1314
Train_969,194,58,2047,1364
Train_970,102,3,2047,1360
Train_971,191,195,2037,1104
Train_972,444,174,2036,948
Train_973,0,320,1613,1182
Train_974,107,0,1827,1097
Train_975,0,127,2002,1099
Train_976,0,0,2047,1295
Train_977,0,0,1711,1323
Train_978,120,304,1815,1364
Train_979,255,13,2047,1364
Train_980,82,381,2047,1364
Train_981,0,0,2047,1364
Train_982,0,0,2047,1364
Train_983,0,0,2040,1364
Train_984,104,0,2047,1364
Train_985,4,0,1818,1026
Train_986,175,5,1493,1360
Train_987,451,207,1871,1346
Train_988,282,0,2040,1364
Train_989,0,0,2047,1364
Train_990,0,0,2047,1364
Train_991,105,159,1473,1325
Train_992,0,0,1907,1256
Train_993,690,808,1132,1151
Train_994,0,282,1571,944
Train_995,15,111,1584,1364
Train_996,192,275,2047,1364
Train_997,12,220,1557,1361
Train_998,168,0,1920,1264
Train_999,11,0,1757,1364
Train_1000,0,28,2047,1352
Train_1001,0,136,1819,1364
Train_1002,0,0,2047,1336
Train_1003,25,0,1626,914
Train_1004,0,0,2047,1364
Train_1005,231,179,1884,1162
Train_1006,0,310,1949,1361
Train_1007,0,0,2047,1364
Train_1008,196,21,2047,1364
Train_1009,282,223,1859,1364
Train_1010,0,0,1953,1364
Train_1011,0,1,1483,877
Train_1012,0,70,2047,1364
Train_1013,0,0,2047,1364
Train_1014,0,0,1483,912
Train_1015,482,132,2047,1224
Train_1016,373,143,1660,1364
Train_1017,0,0,2047,1364
Train_1018,0,0,2047,1364
Train_1019,0,57,2044,1252
Train_1020,0,0,1678,1364
Train_1021,425,120,1952,1364
Train_1022,220,159,2047,1224
Train_1023,39,168,1913,1044
Train_1024,172,126,1705,1364
Train_1025,23,360,1763,1240
Train_1026,0,7,1561,1164
Train_1027,0,0,2047,1364
Train_1028,0,0,2047,1364
Train_1029,0,0,1568,1364
Train_1030,102,0,1982,1311
Train_1031,254,325,1968,1360
Train_1032,48,0,1904,1247
Train_1033,0,0,2047,1364
Train_1034,0,8,2047,1364
Train_1035,11,0,1700,1056
Train_1036,367,34,2047,1293
Train_1037,0,157,1725,1364
Train_1038,269,408,1473,1364
Train_1039,0,0,1565,1228
Train_1040,83,53,1485,1255
Train_1041,2,35,2047,1364
Train_1042,92,60,2047,1288
Train_1043,0,87,1653,1040
Train_1044,0,26,1884,1364
Train_1045,211,0,2047,1292
Train_1046,26,0,1586,1203
Train_1047,162,287,2045,1268
Train_1048,0,0,2047,1364
Train_1049,362,188,2047,1364
Train_1050,287,0,1826,1364
Train_1051,0,0,2047,1175
Train_1052,0,17,2047,1364
Train_1053,0,59,2047,1364
Train_1054,0,0,2047,1364
Train_1055,95,204,2039,1328
Train_1056,263,223,1984,1364
Train_1057,132,15,2036,1364
Train_1058,0,256,1906,1364
Train_1059,256,354,1732,1364
Train_1060,0,323,1893,1233
Train_1061,0,114,1898,1292
Train_1062,268,35,2047,1270
Train_1063,0,193,2047,1187
Train_1064,63,262,1785,1236
Train_1065,21,15,2043,1364
Train_1066,0,0,2047,1364
Train_1067,0,0,2019,1364
Train_1068,98,31,1273,843
Train_1069,157,7,1904,1363
Train_1070,97,3,2047,944
Train_1071,0,0,2047,1364
Train_1072,244,225,1984,1274
Train_1073,15,0,2047,1235
Train_1074,0,0,2019,1364
Train_1075,0,0,2047,1364
Train_1076,204,112,1872,1210
Train_1077,167,132,2047,1157
Train_1078,0,0,1888,1296
Train_1079,0,0,2047,1364
Train_1080,68,0,2047,1364
Train_1081,0,14,2024,1364
Train_1082,141,0,2047,1364
Train_1083,0,0,1958,1364
Train_1084,269,116,1456,1293
Train_1085,82,0,1947,1276
Train_1086,0,0,2047,1364
Train_1087,159,310,2047,1128
Train_1088,246,61,2047,1174
Train_1089,0,47,2047,1364
Train_1090,128,148,1985,1302
Train_1091,42,0,2047,1294
Train_1092,0,0,1964,1364
Train_1093,0,222,1962,1241
Train_1094,0,0,2047,1364
Train_1095,0,26,1932,1004
Train_1096,0,136,2047,1364
Train_1097,1,4,1874,1364
Train_1098,858,306,1917,1135
Train_1099,0,38,1535,1263
Train_1100,8,31,2042,1363
Train_1101,0,0,2033,1364
Train_1102,0,0,2047,1364
Train_1103,0,0,2047,1364
Train_1104,110,0,1911,1329
Train_1105,168,41,1938,1349
Train_1106,1,291,2047,1218
Train_1107,354,28,2047,1127
Train_1108,0,24,1641,1364
Train_1109,255,79,918,621
Train_1110,32,351,1834,900
Train_1111,221,46,2047,1242
Train_1112,626,205,1984,1364
Train_1113,930,1,1929,1200
Train_1114,0,0,2047,1364
Train_1115,0,0,2047,1364
Train_1116,127,0,2047,1359
Train_1117,144,175,1693,1364
Train_1118,0,0,2047,1364
Train_1119,223,0,2047,1364
Train_1120,0,0,2047,1364
Train_1121,63,0,2047,1364
Train_1122,17,0,2047,1364
Train_1123,15,0,2034,1269
Train_1124,210,166,2047,1364
Train_1125,0,0,2047,1364
Train_1126,3,0,2032,1364
Train_1127,175,388,1455,1364
Train_1128,618,164,1488,1168
Train_1129,232,151,1419,1194
Train_1130,130,179,1936,1348
Train_1131,415,251,2047,965
Train_1132,1,0,1939,1364
Train_1133,0,0,2047,1364
Train_1134,278,157,2036,1182
Train_1135,311,42,1689,1016
Train_1136,203,0,1879,1364
Train_1137,0,261,1979,1097
Train_1138,506,157,2047,1364
Train_1139,0,0,1916,1364
Train_1140,31,15,1855,1364
Train_1141,813,240,1878,868
Train_1142,0,0,2047,1364
Train_1143,404,283,1927,1295
Train_1144,1,0,2036,1364
Train_1145,105,389,2047,1364
Train_1146,255,204,2047,1317
Train_1147,0,0,2047,1364
Train_1148,271,0,2047,1364
Train_1149,66,292,2047,1364
Train_1150,0,0,2047,1364
Train_1151,0,0,2047,1364
Train_1152,199,384,1320,1280
Train_1153,0,1,2047,1364
Train_1154,0,0,2047,1364
Train_1155,0,0,2037,1364
Train_1156,132,249,1269,1868
Train_1157,0,0,2047,1361
Train_1158,0,0,2047,1364
Train_1159,0,0,2047,1364
Train_1160,0,0,2047,1364
Train_1161,271,195,2047,1228
Train_1162,0,15,2047,1364
Train_1163,47,0,2047,1164
Train_1164,0,240,1989,1364
Train_1165,66,7,2047,1364
Train_1166,0,0,1877,1364
Train_1167,0,0,2047,1364
Train_1168,0,82,1888,1133
Train_1169,0,79,1961,960
Train_1170,8,41,1824,1153
Train_1171,155,12,1842,1252
Train_1172,335,22,2047,1364
Train_1173,25,0,2047,1364
Train_1174,1,0,1759,1082
Train_1175,194,172,1948,1239
Train_1176,7,0,2000,1294
Train_1177,0,0,2047,1364
Train_1178,0,213,1299,1143
Train_1179,155,318,2047,1364
Train_1180,0,43,1982,1364
Train_1181,111,0,1814,749
Train_1182,74,0,2041,1364
Train_1183,0,219,2047,1364
Train_1184,297,13,2047,1364
Train_1185,0,0,2047,1364
Train_1186,169,285,2047,1364
Train_1187,0,0,2047,1364
Train_1188,0,0,2047,1360
Train_1189,0,0,2047,1364
Train_1190,0,0,2046,1344
Train_1191,0,359,2047,1355
Train_1192,0,0,1600,1186
Train_1193,0,39,2047,1364
Train_1194,0,189,2047,1364
Train_1195,27,164,1971,1115
Train_1196,118,63,2030,982
Train_1197,0,0,2047,1364
Train_1198,147,101,2047,1319
Train_1199,287,0,2047,1364
Train_1200,270,163,2031,911
Train_1201,176,45,1944,1215
Train_1202,438,156,1931,1202
Train_1203,211,56,1632,1197
Train_1204,8,175,2005,1364
Train_1205,67,312,2018,1053
Train_1206,0,0,1869,1364
Train_1207,182,15,2047,1364
Train_1208,0,152,1914,1290
Train_1209,207,0,2047,1257
Train_1210,60,74,2030,1360
Train_1211,0,66,1744,1364
Train_1212,368,223,1721,1213
Train_1213,0,232,2047,1364
Train_1214,212,226,1696,1175
Train_1215,13,58,2047,1283
Train_1216,0,0,1926,1261
Train_1217,341,242,1856,1364
Train_1218,0,0,2047,1364
Train_1219,71,0,1860,1364
Train_1220,0,294,1248,1221
Train_1221,0,0,2043,1364
Train_1222,0,0,2039,1252
Train_1223,0,0,2047,1364
Train_1224,0,0,2047,1364
Train_1225,103,21,2047,1191
Train_1226,779,149,1881,1133
Train_1227,513,0,2047,1240
Train_1228,113,13,1751,1264
Train_1229,448,154,1344,909
Train_1230,11,0,2047,1364
Train_1231,0,0,2047,1364
Train_1232,0,240,1720,1055
Train_1233,0,26,1983,1364
Train_1234,0,0,2047,1364
Train_1235,0,0,1741,1364
Train_1236,0,1,2046,1364
Train_1237,0,0,2047,1364
Train_1238,143,285,1621,1136
Train_1239,15,0,1992,1349
Train_1240,38,66,2047,1163
Train_1241,82,0,2047,1364
Train_1242,211,79,2040,1117
Train_1243,24,170,1491,1216
Train_1244,0,0,2047,1364
Train_1245,633,296,2047,1207
Train_1246,284,0,1782,1033
Train_1247,293,0,2047,1106
Train_1248,373,247,2034,1364
Train_1249,0,0,2047,1364
Train_1250,366,192,1760,1316
Train_1251,83,174,2047,1305
Train_1252,260,94,1887,1042
Train_1253,61,0,2047,1364
Train_1254,0,0,2047,1364
Train_1255,0,0,2047,1364
Train_1256,0,0,1888,1284
Train_1257,251,0,2047,1364
Train_1258,268,335,1930,1216
Train_1259,332,0,2047,1180
Train_1260,250,144,2047,1364
Train_1261,271,62,1893,1281
Train_1262,591,0,2046,1360
Train_1263,0,0,2028,1053
Train_1264,239,9,2047,1293
Train_1265,0,0,2047,1364
Train_1266,50,0,2047,1216
Train_1267,341,410,1264,1279
Train_1268,208,34,2047,1360
Train_1269,0,31,1753,1197
Train_1270,0,0,2047,1364
Train_1271,0,0,2047,881
Train_1272,0,0,2047,1364
Train_1273,47,0,2047,1364
Train_1274,119,0,1669,1244
Train_1275,0,50,1933,1364
Train_1276,215,0,1717,1052
Train_1277,0,0,2047,1364
Train_1278,21,85,1895,1344
Train_1279,79,0,2047,1187
Train_1280,0,0,2047,1364
Train_1281,143,16,2040,960
Train_1282,0,24,2047,1110
Train_1283,0,85,1298,1364
Train_1284,835,31,1834,1110
Train_1285,304,98,2020,1364
Train_1286,0,300,1988,1364
Train_1287,73,229,2046,1363
Train_1288,0,34,2032,1364
Train_1289,249,0,1629,1054
Train_1290,0,0,1808,1327
Train_1291,0,72,2047,1364
Train_1292,0,0,2047,1364
Train_1293,127,103,2047,1200
Train_1294,0,0,1399,1034
Train_1295,178,157,1328,1364
Train_1296,178,0,2046,1364
Train_1297,0,0,2047,1364
Train_1298,0,0,2047,1364
Train_1299,102,178,2047,1363
Train_1300,0,0,2047,1216
Train_1301,437,247,1968,1312
Train_1302,97,262,1621,1364
Train_1303,111,138,2047,1314
Train_1304,0,0,2047,1364
Train_1305,0,0,1771,1364
Train_1306,12,201,1888,1364
Train_1307,370,127,2047,1055
Train_1308,0,0,1968,1364
Train_1309,71,184,1910,1360
Train_1310,0,124,1615,1364
Train_1311,326,0,1652,1195
Train_1312,319,287,2047,1228
Train_1313,358,0,2047,1364
Train_1314,0,431,1533,1364
Train_1315,0,0,2047,1364
Train_1316,178,317,1709,1108
Train_1317,0,0,2047,1364
Train_1318,12,257,2047,1364
Train_1319,299,186,1818,1120
Train_1320,0,255,1275,984
Train_1321,0,21,1868,979
Train_1322,95,0,2047,1292
Train_1323,0,0,1912,1161
Train_1324,201,54,2047,1364
Train_1325,0,6,1613,1364
Train_1326,0,0,2047,1360
Train_1327,854,297,1958,1313
Train_1328,387,110,2047,1364
Train_1329,5,10,2037,1192
Train_1330,0,237,2047,1364
Train_1331,0,15,1986,1125
Train_1332,0,196,1892,1071
Train_1333,345,198,1724,1009
Train_1334,0,323,2047,1000
Train_1335,181,367,2047,1165
Train_1336,287,0,1637,1270
Train_1337,64,25,2047,1364
Train_1338,257,367,1900,1248
Train_1339,0,0,1999,1364
Train_1340,0,0,2047,1364
Train_1341,0,0,2047,1364
Train_1342,38,29,2006,1352
Train_1343,542,0,2047,1360
Train_1344,25,9,2047,1364
Train_1345,0,23,1764,1364
Train_1346,91,1,2047,1163
Train_1347,0,0,2047,1364
Train_1348,0,0,2006,1364
Train_1349,0,3,2023,1364
Train_1350,0,54,1994,1364
Train_1351,31,387,1914,1364
Train_1352,0,0,1963,1338
Train_1353,128,0,2047,1364
Train_1354,0,0,2047,1364
Train_1355,0,39,1835,1364
Train_1356,0,0,2047,1364
Train_1357,0,10,2047,1364
Train_1358,212,0,1943,958
Train_1359,0,83,1733,1364
Train_1360,271,87,2044,1285
Train_1361,0,1,1796,1364
Train_1362,57,25,2047,1364
Train_1363,73,0,1969,1364
Train_1364,191,204,2047,1178
Train_1365,0,0,2047,1364
Train_1366,576,0,2047,1364
Train_1367,249,15,2018,1364
Train_1368,0,0,2047,1364
Train_1369,50,44,2000,1364
Train_1370,700,0,2047,1268
Train_1371,301,79,1888,1277
Train_1372,0,0,2047,1364
Train_1373,186,200,1829,1364
Train_1374,0,0,1984,1364
Train_1375,0,0,1706,1364
Train_1376,61,256,2047,1245
Train_1377,0,0,2047,1364
Train_1378,151,55,2047,1364
Train_1379,193,184,1606,1152
Train_1380,4,360,2045,1364
Train_1381,0,0,2046,1364
Train_1382,0,0,2047,1364
Train_1383,0,0,2047,1364
Train_1384,0,0,2047,1364
Train_1385,728,228,1582,1093
Train_1386,0,0,2047,1315
Train_1387,0,0,1998,1190
Train_1388,0,0,1848,1278
Train_1389,0,0,1993,1364
Train_1390,0,0,2028,1364
Train_1391,120,281,2047,1163
Train_1392,0,0,2047,1364
Train_1393,268,184,2029,1236
Train_1394,705,155,1507,1078
Train_1395,0,109,1550,1344
Train_1396,0,0,2047,1364
Train_1397,0,267,2010,1364
Train_1398,0,8,2032,1364
Train_1399,0,0,1642,1291
Train_1400,0,0,2047,1364
Train_1401,356,264,2047,1364
Train_1402,604,0,2047,1364
Train_1403,922,45,2047,969
Train_1404,0,9,2037,1364
Train_1405,0,0,2047,1364
Train_1406,447,33,1942,1136
Train_1407,0,0,2047,1364
Train_1408,0,0,1969,1360
Train_1409,45,0,2047,1360
Train_1410,0,275,1712,1364
Train_1411,6,8,2047,1364
Train_1412,0,0,1952,1364
Train_1413,126,270,2047,1364
Train_1414,351,56,2029,1008
Train_1415,0,66,1859,1364
Train_1416,0,269,1918,1364
Train_1417,452,13,2013,1119
Train_1418,0,0,2047,1120
Train_1419,0,270,1900,1364
Train_1420,39,0,2047,1364
Train_1421,0,0,2047,1364
Train_1422,215,314,2010,912
Train_1423,0,0,2047,1364
Train_1424,0,0,1938,1364
Train_1425,0,408,1512,1364
Train_1426,314,255,2035,1005
Train_1427,4,301,1917,1077
Train_1428,143,141,2047,1071
Train_1429,229,143,1955,1130
Train_1430,79,95,1969,1264
Train_1431,172,0,1915,1364
Train_1432,10,0,1830,1360
Train_1433,0,0,1690,1151
Train_1434,0,1,1807,1364
Train_1435,0,162,2047,1364
Train_1436,818,283,1317,1184
Train_1437,0,0,2047,1364
Train_1438,159,106,2047,1364
Train_1439,0,0,2047,1364
Train_1440,26,207,2047,1364
Train_1441,315,151,2047,1364
Train_1442,955,0,2047,645
Train_1443,911,95,2047,1222
Train_1444,354,0,2047,1251
Train_1445,0,0,2047,1344
Train_1446,375,107,2047,1214
Train_1447,18,0,2047,1364
Train_1448,0,15,1888,1364
Train_1449,0,143,1866,1321
Train_1450,0,168,2009,1364
Train_1451,252,0,1878,1155
Train_1452,0,0,1832,1364
Train_1453,0,0,2047,1364
Train_1454,557,0,1526,1072
Train_1455,0,108,1969,1363
Train_1456,31,351,1588,1301
Train_1457,18,0,1850,1364
Train_1458,63,9,2047,1364
Train_1459,0,0,1920,1180
Train_1460,157,16,1827,1350
Train_1461,0,13,2005,1364
Train_1462,495,1,2044,1364
Train_1463,0,0,2033,1364
Train_1464,114,212,1792,1107
Train_1465,0,0,1926,1364
Train_1466,0,0,1971,1364
Train_1467,434,0,2047,1364
Train_1468,54,61,1744,1364
Train_1469,56,0,2047,1283
Train_1470,226,139,1848,1161
Train_1471,0,0,2047,1364
Train_1472,0,376,1844,1053
Train_1473,0,191,1616,1283
Train_1474,319,122,1659,1175
Train_1475,43,398,1941,936
Train_1476,34,0,1869,1221
Train_1477,0,0,2047,1364
Train_1478,0,0,2047,1364
Train_1479,426,184,2015,1362
Train_1480,0,26,2046,1364
Train_1481,88,47,1896,1335
Train_1482,0,0,1795,994
Train_1483,0,234,1579,1352
Train_1484,208,161,2047,1362
Train_1485,0,0,2047,1168
Train_1486,109,221,2047,1364
Train_1487,198,0,2047,1364
Train_1488,340,375,1928,1346
Train_1489,0,349,1543,1069
Train_1490,99,236,2047,1232
Train_1491,29,0,2047,1364
Train_1492,130,95,2047,1364
Train_1493,521,95,1398,1223
Train_1494,0,1,2015,1297
Train_1495,0,150,2047,1364
Train_1496,0,277,1392,1188
Train_1497,7,0,2047,1364
Train_1498,12,0,1730,1364
Train_1499,231,0,2036,1364
Train_1500,0,183,1920,1363
Train_1501,96,0,2043,1147
Train_1502,0,79,1772,1056
Train_1503,622,209,1885,1100
Train_1504,108,0,2015,1364
Train_1505,0,0,2041,1264
Train_1506,156,0,1856,1142
Train_1507,0,0,1669,1363
Train_1508,323,85,2042,1364
Train_1509,482,193,1865,971
Train_1510,867,201,2047,1364
Train_1511,0,0,2047,1364
Train_1512,0,272,1752,1364
Train_1513,0,0,2047,1364
Train_1514,0,71,1688,1319
Train_1515,51,247,2006,1209
Train_1516,303,0,1664,853
Train_1517,0,0,2047,1364
Train_1518,354,95,2047,1222
Train_1519,0,0,2047,1364
Train_1520,194,0,1858,1364
Train_1521,217,365,1894,998
Train_1522,0,164,1852,1364
Train_1523,0,111,1641,1364
Train_1524,0,0,2046,1364
Train_1525,0,0,2047,1085
Train_1526,161,0,2047,1364
Train_1527,0,178,1999,1364
Train_1528,0,0,2047,1364
Train_1529,0,41,1344,1233
Train_1530,0,0,2047,1364
Train_1531,467,100,2047,1177
Train_1532,1,111,1616,1364
Train_1533,12,152,2037,1364
Train_1534,0,419,1362,1364
Train_1535,0,0,2047,1000
Train_1536,0,0,2047,1364
Train_1537,83,0,2047,1356
Train_1538,30,214,2047,1363
Train_1539,31,48,1981,1180
Train_1540,0,0,2047,1364
Train_1541,0,0,2047,1364
Train_1542,176,188,2046,1174
Train_1543,388,25,2024,1363
Train_1544,115,110,2047,1364
Train_1545,239,0,1674,983
Train_1546,152,280,1908,1074
Train_1547,0,7,1633,1364
Train_1548,27,206,2047,1364
Train_1549,303,95,2013,1364
Train_1550,210,0,1848,1346
Train_1551,51,140,1975,1364
Train_1552,277,0,2047,1282
Train_1553,255,79,1694,1224
Train_1554,0,31,2047,1084
Train_1555,0,24,1805,1364
Train_1556,0,0,2047,1357
Train_1557,0,0,2047,1364
Train_1558,374,216,1964,1364
Train_1559,3,248,2047,1362
Train_1560,72,0,2003,1021
Train_1561,0,0,1911,835
Train_1562,0,0,2047,1364
Train_1563,0,0,2047,1364
Train_1564,568,0,2047,886
Train_1565,12,77,1749,1075
Train_1566,408,84,2047,1000
Train_1567,271,216,1547,1275
Train_1568,109,0,1491,997
Train_1569,0,0,1590,1364
Train_1570,0,0,1374,1312
Train_1571,21,0,2037,1364
Train_1572,164,0,2047,1364
Train_1573,69,208,2047,1364
Train_1574,237,0,2047,1309
Train_1575,0,0,2037,1364
Train_1576,0,0,1792,1364
Train_1577,279,9,2047,1181
Train_1578,113,0,1836,1364
Train_1579,0,133,1725,1261
Train_1580,0,291,1632,1364
Train_1581,0,0,2047,1364
Train_1582,0,0,2047,1364
Train_1583,531,277,2047,1098
Train_1584,0,0,2047,1364
Train_1585,0,0,2047,1364
Train_1586,39,1,1672,1040
Train_1587,0,0,2047,1364
Train_1588,339,216,1752,1364
Train_1589,77,0,1742,1346
Train_1590,266,25,2047,1309
Train_1591,0,0,2047,1189
Train_1592,0,0,2047,1364
Train_1593,0,0,2047,1364
Train_1594,0,0,2047,1364
Train_1595,59,122,2038,1248
Train_1596,355,10,2047,1364
Train_1597,32,0,1763,1364
Train_1598,0,0,2047,1364
Train_1599,0,449,2047,1364
Train_1600,0,0,2047,1364
Train_1601,113,42,1586,1217
Train_1602,186,38,2016,1252
Train_1603,0,195,1888,1275
Train_1604,123,89,1848,1364
Train_1605,63,34,1474,1334
Train_1606,0,15,2047,1364
Train_1607,12,303,1819,1364
Train_1608,969,322,1616,1364
Train_1609,0,89,1687,1293
Train_1610,312,31,2047,1364
Train_1611,28,77,2023,1364
Train_1612,639,112,1731,1364
Train_1613,0,0,2047,1364
Train_1614,0,0,1419,1364
Train_1615,0,0,2047,1364
Train_1616,0,0,2047,1364
Train_1617,0,0,2047,1364
Train_1618,0,171,1983,1341
Train_1619,0,0,2047,1364
Train_1620,26,7,1984,1255
Train_1621,44,192,2047,1364
Train_1622,47,0,2047,1346
Train_1623,0,0,2047,1364
Train_1624,0,293,2004,1364
Train_1625,15,0,2047,1364
Train_1626,0,125,1721,1261
Train_1627,221,423,2047,1364
Train_1628,307,19,1527,1215
Train_1629,163,143,2047,1174
Train_1630,27,178,2047,1231
Train_1631,0,0,2047,1317
Train_1632,0,0,2047,1364
Train_1633,0,1,2046,1205
Train_1634,0,0,2047,1364
Train_1635,0,0,2047,1364
Train_1636,190,190,2047,1124
Train_1637,410,0,2047,1364
Train_1638,0,288,1821,1127
Train_1639,0,0,2047,1364
Train_1640,0,111,1730,1364
Train_1641,0,0,1729,1364
Train_1642,0,0,2032,1187
Train_1643,221,302,2046,1364
Train_1644,0,135,1224,972
Train_1645,163,2,1412,1364
Train_1646,19,6,2047,1364
Train_1647,326,0,1944,1072
Train_1648,0,273,1350,1091
Train_1649,325,86,2047,1308
Train_1650,0,0,1972,1364
Train_1651,0,48,1621,1069
Train_1652,0,315,1764,1291
Train_1653,0,61,1911,1364
Train_1654,0,31,1787,1268
Train_1655,19,0,1904,1056
Train_1656,0,0,2047,1364
Train_1657,0,103,1909,1224
Train_1658,1076,406,1751,1028
Train_1659,0,0,2044,1364
Train_1660,36,15,2011,1204
Train_1661,0,0,2047,1364
Train_1662,539,254,1429,1202
Train_1663,0,0,1958,1364
Train_1664,370,8,2047,1134
Train_1665,63,0,2043,1364
Train_1666,223,0,2047,1364
Train_1667,250,0,2045,884
Train_1668,35,213,2047,1225
Train_1669,156,159,2047,1226
Train_1670,146,234,1945,1224
Train_1671,0,179,1760,1360
Train_1672,46,278,1695,1359
Train_1673,0,0,2044,1010
Train_1674,0,215,2047,1054
Train_1675,0,0,2047,1364
Train_1676,12,180,2047,1316
Train_1677,0,25,1839,952
Train_1678,0,0,2047,1364
Train_1679,0,0,2047,1364
Train_1680,271,191,1359,980
Train_1681,0,0,2047,1364
Train_1682,0,0,2047,818
Train_1683,0,0,2047,1364
Train_1684,127,0,2024,842
Train_1685,0,8,2047,1364
Train_1686,156,26,2047,1025
Train_1687,0,0,2047,1364
Train_1688,354,5,2047,1297
Train_1689,192,0,1730,1358
Train_1690,517,243,2027,1364
Train_1691,0,11,1664,1364
Train_1692,419,159,2047,1111
Train_1693,0,0,2047,1364
Train_1694,0,0,2047,1364
Train_1695,227,0,2047,1364
Train_1696,90,13,2047,1364
Train_1697,338,109,1966,1364
Train_1698,0,0,2047,1364
Train_1699,0,0,2047,1364
Train_1700,0,0,2047,1364
Train_1701,140,0,2047,1237
Train_1702,14,27,1986,1309
Train_1703,358,95,1488,1117
Train_1704,0,0,1733,1364
Train_1705,19,34,1807,1364
Train_1706,0,0,2047,1364
Train_1707,0,24,1861,1135
Train_1708,282,124,2037,1364
Train_1709,0,0,2047,1364
Train_1710,1,150,1768,1192
Train_1711,239,379,2046,1364
Train_1712,0,61,1586,1364
Train_1713,28,111,1666,1364
Train_1714,432,241,1846,1364
Train_1715,79,347,1709,951
Train_1716,16,0,2046,1287
Train_1717,243,121,1597,1077
Train_1718,133,146,2047,1249
Train_1719,20,7,2005,1343
Train_1720,169,0,2047,1364
Train_1721,0,85,1962,1363
Train_1722,0,0,2047,1243
Train_1723,130,43,2047,1364
Train_1724,135,34,2047,1364
Train_1725,5,0,2047,1213
Train_1726,0,0,2047,1364
Train_1727,255,146,1863,1364
Train_1728,306,376,1260,1199
Train_1729,95,0,2032,1362
Train_1730,0,0,2047,1364
Train_1731,0,0,2047,1364
Train_1732,87,1,2042,1360
Train_1733,0,0,2047,1364
Train_1734,234,106,1696,1074
Train_1735,0,0,2047,1364
Train_1736,0,223,1880,1167
Train_1737,0,9,1571,1160
Train_1738,0,205,2047,1347
Train_1739,106,112,2047,1364
Train_1740,13,0,1781,1364
Train_1741,0,0,2047,1364
Train_1742,242,0,2047,1364
Train_1743,0,0,2047,1216
Train_1744,0,234,1687,1299
Train_1745,0,0,2047,1169
Train_1746,45,154,2024,1257
Train_1747,103,0,1584,1272
Train_1748,1,0,2047,1364
Train_1749,0,0,2047,1364
Train_1750,299,98,1730,1364
Train_1751,0,15,1856,1333
Train_1752,0,31,2047,1164
Train_1753,7,100,2047,1364
Train_1754,282,82,2046,1364
Train_1755,211,63,1987,823
Train_1756,267,346,1859,1200
Train_1757,0,427,1596,1364
Train_1758,0,259,1680,983
Train_1759,141,94,1366,1037
Train_1760,95,256,2046,1334
Train_1761,207,168,2047,1288
Train_1762,330,0,2047,1248
Train_1763,389,0,2047,1174
Train_1764,279,0,1968,1364
Train_1765,13,0,2047,1364
Train_1766,210,175,2047,1172
Train_1767,0,227,1896,1323
Train_1768,175,5,1648,1303
Train_1769,0,0,2047,1364
Train_1770,0,0,2047,1359
Train_1771,525,435,2047,1357
Train_1772,284,138,1994,919
Train_1773,129,0,2047,1363
Train_1774,223,63,1829,1093
Train_1775,921,26,1903,1313
Train_1776,264,0,2000,1109
Train_1777,291,0,1873,1080
Train_1778,0,0,1777,1364
Train_1779,0,0,2047,1364
Train_1780,254,114,1826,1142
Train_1781,0,22,1774,1172
Train_1782,74,9,1979,1338
Train_1783,0,0,2013,1364
Train_1784,320,9,2047,1364
Train_1785,98,204,2047,1364
Train_1786,0,47,2047,1364
Train_1787,0,31,1748,1364
Train_1788,72,264,1568,1014
Train_1789,0,0,2047,1364
Train_1790,0,47,2047,1351
Train_1791,947,187,1931,1364
Train_1792,64,86,2045,1364
Train_1793,0,0,2047,1364
Train_1794,106,148,2047,963
Train_1795,0,0,2047,1277
Train_1796,176,371,2047,1364
Train_1797,15,128,1990,1057
Train_1798,0,0,1838,1364
Train_1799,0,0,2047,1364
Train_1800,0,0,2047,1364
Train_1801,315,0,2047,1117
Train_1802,75,64,2047,1364
Train_1803,0,221,2022,1364
Train_1804,0,112,1937,1250
Train_1805,0,0,2047,1364
Train_1806,0,0,2047,1323
Train_1807,383,10,2047,1364
Train_1808,170,202,2025,1364
Train_1809,69,80,2047,1103
Train_1810,0,13,2047,1364
Train_1811,0,0,1856,1336
Train_1812,343,0,2047,1364
Train_1813,0,0,1836,1293
Train_1814,274,433,1685,1215
Train_1815,232,0,2047,1284
Train_1816,47,52,2047,1364
Train_1817,0,0,2030,1364
Train_1818,114,0,1834,1113
Train_1819,0,0,1954,1364
Train_1820,0,0,2047,866
